Serial Number,Filename,UUID,Json_SHA256
1,adewale-the-amebo,cad316c3-37f8-4b27-9f53-9d803bfcfee7,041b1555150c797fb7dfd8ac5220f7219c717a0bea4eb76ea87a1ba6dba24785
2,alli-the-queeny,a57ecda4-a26f-4e97-a757-e1800af39aab,041b1555150c797fb7dfd8ac5220f7219c717a0bea4eb76ea87a1ba6dba24786
3,aminat-the-snnobish,0e37ed0d-3e84-4f32-a91f-ec9c4ba8c7de,041b1555150c797fb7dfd8ac5220f7219c717a0bea4eb76ea87a1ba6dba24787
4,aminu-the-carpenter,4f30b751-96e7-40fe-97fd-e3d44973ff2f,041b1555150c797fb7dfd8ac5220f7219c717a0bea4eb76ea87a1ba6dba24788
5,chibuike-the-kudibag,5ce854f2-7ac1-46fd-b3fe-57583935d1e5,041b1555150c797fb7dfd8ac5220f7219c717a0bea4eb76ea87a1ba6dba24789
6,chidinma-the-model,c98db72e-49ac-4ca6-89d5-e00f5fbbcc45,041b1555150c797fb7dfd8ac5220f7219c717a0bea4eb76ea87a1ba6dba24790
7,chioma-pretty- girl,182ea888-a85b-42ca-ad73-ed4f8f9aa5c7,041b1555150c797fb7dfd8ac5220f7219c717a0bea4eb76ea87a1ba6dba24791
8,damilare-the-handsome,27eca2dc-d7df-474a-8f8f-1858152c711e,041b1555150c797fb7dfd8ac5220f7219c717a0bea4eb76ea87a1ba6dba24792
9,ebiowie-the-planter,f1df8270-4d60-4bd4-8959-ba7c384db5c4,041b1555150c797fb7dfd8ac5220f7219c717a0bea4eb76ea87a1ba6dba24793
10,emeka-the-businessman,9b3d75da-4887-4089-aee4-50de3954fdc9,041b1555150c797fb7dfd8ac5220f7219c717a0bea4eb76ea87a1ba6dba24794
11,gbeminyi-the-monk,c8b1fd1d-8551-4bb4-8dc4-923a9aeb39fb,041b1555150c797fb7dfd8ac5220f7219c717a0bea4eb76ea87a1ba6dba24795
12,henry-the-sportsman,e1225451-bfdf-4a1f-8d37-9cce3a0bd67b,041b1555150c797fb7dfd8ac5220f7219c717a0bea4eb76ea87a1ba6dba24796
13,mayowa-the-smallie,dfbb4163-df24-4d54-b74c-6218a68df8bd,041b1555150c797fb7dfd8ac5220f7219c717a0bea4eb76ea87a1ba6dba24797
14,muyiwa-the-stylish,dcf9d5a0-57b7-4126-a05e-6c8f1045d3f7,041b1555150c797fb7dfd8ac5220f7219c717a0bea4eb76ea87a1ba6dba24798
15,nina-paper-chaser,59524227-dc52-407c-8cca-e9e8c5fb3018,041b1555150c797fb7dfd8ac5220f7219c717a0bea4eb76ea87a1ba6dba24799
16,oluwaseun-spicy,808f7007-6552-4efa-bd13-4b7c337b102b,041b1555150c797fb7dfd8ac5220f7219c717a0bea4eb76ea87a1ba6dba24800
17,sesan-the-smartie,ba3edda7-8940-4ca4-97ba-826398d5909f,041b1555150c797fb7dfd8ac5220f7219c717a0bea4eb76ea87a1ba6dba24801
18,tiwa-london,78da7aeb-8352-4e25-89ac-dc48b5984089,041b1555150c797fb7dfd8ac5220f7219c717a0bea4eb76ea87a1ba6dba24802
19,tunde-yoruba-demon,53b46bd7-a537-402b-b249-0b4074a8faae,041b1555150c797fb7dfd8ac5220f7219c717a0bea4eb76ea87a1ba6dba24803
20,yakubu-the-zombie,4adb6781-1614-424e-8f77-fe59ffca2209,041b1555150c797fb7dfd8ac5220f7219c717a0bea4eb76ea87a1ba6dba24804
21,abdul-the-vibe,770f817a-9d9a-4772-9a91-e66dd9d03470,041b1555150c797fb7dfd8ac5220f7219c717a0bea4eb76ea87a1ba6dba24805
22,emeka-the -clown,78810fa6-a7ef-4d83-bf57-caf49db4ee69,041b1555150c797fb7dfd8ac5220f7219c717a0bea4eb76ea87a1ba6dba24806
23,salam-the-odogwu,f2957ded-022c-4b07-92c6-b345d4816a67,041b1555150c797fb7dfd8ac5220f7219c717a0bea4eb76ea87a1ba6dba24807
24,charles-the-exporter,09395e76-19ed-4852-8748-795ee7496a8e,041b1555150c797fb7dfd8ac5220f7219c717a0bea4eb76ea87a1ba6dba24808
25,wole-the-pimp,4d94d4f7-9b69-4e43-9db1-1fe83df92857,041b1555150c797fb7dfd8ac5220f7219c717a0bea4eb76ea87a1ba6dba24809
26,saro-the-baller,d35a7514-8996-42fb-a5f2-5a603ec679c5,041b1555150c797fb7dfd8ac5220f7219c717a0bea4eb76ea87a1ba6dba24810
27,ade-omo-yoruba,92984fa0-310b-4377-8a10-15965d044383,041b1555150c797fb7dfd8ac5220f7219c717a0bea4eb76ea87a1ba6dba24811
28,shola-cool kid,3ac5c186-bc14-4eb6-8567-cc818465a64f,041b1555150c797fb7dfd8ac5220f7219c717a0bea4eb76ea87a1ba6dba24812
29,charlie-the-smoker,71a0aa22-d111-43b7-8484-43d87310bc42,041b1555150c797fb7dfd8ac5220f7219c717a0bea4eb76ea87a1ba6dba24813
30,femi-the-badguy,e493e3fb-a8a0-455a-854f-0f6474bbc69f,041b1555150c797fb7dfd8ac5220f7219c717a0bea4eb76ea87a1ba6dba24814
31,sinzu-money,942f8347-9932-4331-bd15-d0f3a048b54f,041b1555150c797fb7dfd8ac5220f7219c717a0bea4eb76ea87a1ba6dba24815
32,obinna-the-palmwine tapper,0f1af056-2548-4407-bed4-abc11deae05d,041b1555150c797fb7dfd8ac5220f7219c717a0bea4eb76ea87a1ba6dba24816
33,aminu-maikudi,0129e7a5-e3d0-4675-92d0-1a1e55d11612,041b1555150c797fb7dfd8ac5220f7219c717a0bea4eb76ea87a1ba6dba24817
34,sabinus-the-town crier,01d4ce96-818e-44b1-8813-68a7d34b35ba,041b1555150c797fb7dfd8ac5220f7219c717a0bea4eb76ea87a1ba6dba24818
35,adisa-ibadan,3a925f27-35f6-4dbf-9960-c6527fae5f3e,041b1555150c797fb7dfd8ac5220f7219c717a0bea4eb76ea87a1ba6dba24819
36,linda-the-navigator,71f335a6-5a4f-4410-9cea-179336f0e498,041b1555150c797fb7dfd8ac5220f7219c717a0bea4eb76ea87a1ba6dba24820
37,kemi-the-iron lady,35b11a31-5b92-49f4-8fb1-30f255d22054,041b1555150c797fb7dfd8ac5220f7219c717a0bea4eb76ea87a1ba6dba24821
38,mercy-the-sassy lady,7a3c70ac-927f-4a63-a3df-ab86dd27cd0f,041b1555150c797fb7dfd8ac5220f7219c717a0bea4eb76ea87a1ba6dba24822
39,sandra-money,1bd95fb0-7b2e-4354-bebd-22f9cf70a1ca,041b1555150c797fb7dfd8ac5220f7219c717a0bea4eb76ea87a1ba6dba24823
40,bimpe-the-fashionista,92b548b7-998b-46b6-8198-80d407209483,041b1555150c797fb7dfd8ac5220f7219c717a0bea4eb76ea87a1ba6dba24824
41,,,041b1555150c797fb7dfd8ac5220f7219c717a0bea4eb76ea87a1ba6dba24825
42,,,041b1555150c797fb7dfd8ac5220f7219c717a0bea4eb76ea87a1ba6dba24826
43,,,041b1555150c797fb7dfd8ac5220f7219c717a0bea4eb76ea87a1ba6dba24827
44,,,041b1555150c797fb7dfd8ac5220f7219c717a0bea4eb76ea87a1ba6dba24828
45,,,041b1555150c797fb7dfd8ac5220f7219c717a0bea4eb76ea87a1ba6dba24829
46,,,041b1555150c797fb7dfd8ac5220f7219c717a0bea4eb76ea87a1ba6dba24830
47,,,041b1555150c797fb7dfd8ac5220f7219c717a0bea4eb76ea87a1ba6dba24831
48,,,041b1555150c797fb7dfd8ac5220f7219c717a0bea4eb76ea87a1ba6dba24832
49,,,041b1555150c797fb7dfd8ac5220f7219c717a0bea4eb76ea87a1ba6dba24833
50,,,041b1555150c797fb7dfd8ac5220f7219c717a0bea4eb76ea87a1ba6dba24834
51,,,041b1555150c797fb7dfd8ac5220f7219c717a0bea4eb76ea87a1ba6dba24835
52,,,041b1555150c797fb7dfd8ac5220f7219c717a0bea4eb76ea87a1ba6dba24836
53,,,041b1555150c797fb7dfd8ac5220f7219c717a0bea4eb76ea87a1ba6dba24837
54,,,041b1555150c797fb7dfd8ac5220f7219c717a0bea4eb76ea87a1ba6dba24838
55,,,041b1555150c797fb7dfd8ac5220f7219c717a0bea4eb76ea87a1ba6dba24839
56,,,041b1555150c797fb7dfd8ac5220f7219c717a0bea4eb76ea87a1ba6dba24840
57,,,041b1555150c797fb7dfd8ac5220f7219c717a0bea4eb76ea87a1ba6dba24841
58,,,041b1555150c797fb7dfd8ac5220f7219c717a0bea4eb76ea87a1ba6dba24842
59,,,041b1555150c797fb7dfd8ac5220f7219c717a0bea4eb76ea87a1ba6dba24843
60,,,041b1555150c797fb7dfd8ac5220f7219c717a0bea4eb76ea87a1ba6dba24844
61,,,041b1555150c797fb7dfd8ac5220f7219c717a0bea4eb76ea87a1ba6dba24845
62,,,041b1555150c797fb7dfd8ac5220f7219c717a0bea4eb76ea87a1ba6dba24846
63,,,041b1555150c797fb7dfd8ac5220f7219c717a0bea4eb76ea87a1ba6dba24847
64,,,041b1555150c797fb7dfd8ac5220f7219c717a0bea4eb76ea87a1ba6dba24848
65,,,041b1555150c797fb7dfd8ac5220f7219c717a0bea4eb76ea87a1ba6dba24849
66,,,041b1555150c797fb7dfd8ac5220f7219c717a0bea4eb76ea87a1ba6dba24850
67,,,041b1555150c797fb7dfd8ac5220f7219c717a0bea4eb76ea87a1ba6dba24851
68,,,041b1555150c797fb7dfd8ac5220f7219c717a0bea4eb76ea87a1ba6dba24852
69,,,041b1555150c797fb7dfd8ac5220f7219c717a0bea4eb76ea87a1ba6dba24853
70,,,041b1555150c797fb7dfd8ac5220f7219c717a0bea4eb76ea87a1ba6dba24854
71,,,041b1555150c797fb7dfd8ac5220f7219c717a0bea4eb76ea87a1ba6dba24855
72,,,041b1555150c797fb7dfd8ac5220f7219c717a0bea4eb76ea87a1ba6dba24856
73,,,041b1555150c797fb7dfd8ac5220f7219c717a0bea4eb76ea87a1ba6dba24857
74,,,041b1555150c797fb7dfd8ac5220f7219c717a0bea4eb76ea87a1ba6dba24858
75,,,041b1555150c797fb7dfd8ac5220f7219c717a0bea4eb76ea87a1ba6dba24859
76,,,041b1555150c797fb7dfd8ac5220f7219c717a0bea4eb76ea87a1ba6dba24860
77,,,041b1555150c797fb7dfd8ac5220f7219c717a0bea4eb76ea87a1ba6dba24861
78,,,041b1555150c797fb7dfd8ac5220f7219c717a0bea4eb76ea87a1ba6dba24862
79,,,041b1555150c797fb7dfd8ac5220f7219c717a0bea4eb76ea87a1ba6dba24863
80,,,041b1555150c797fb7dfd8ac5220f7219c717a0bea4eb76ea87a1ba6dba24864
81,,,041b1555150c797fb7dfd8ac5220f7219c717a0bea4eb76ea87a1ba6dba24865
82,,,041b1555150c797fb7dfd8ac5220f7219c717a0bea4eb76ea87a1ba6dba24866
83,,,041b1555150c797fb7dfd8ac5220f7219c717a0bea4eb76ea87a1ba6dba24867
84,,,041b1555150c797fb7dfd8ac5220f7219c717a0bea4eb76ea87a1ba6dba24868
85,,,041b1555150c797fb7dfd8ac5220f7219c717a0bea4eb76ea87a1ba6dba24869
86,,,041b1555150c797fb7dfd8ac5220f7219c717a0bea4eb76ea87a1ba6dba24870
87,,,041b1555150c797fb7dfd8ac5220f7219c717a0bea4eb76ea87a1ba6dba24871
88,,,041b1555150c797fb7dfd8ac5220f7219c717a0bea4eb76ea87a1ba6dba24872
89,,,041b1555150c797fb7dfd8ac5220f7219c717a0bea4eb76ea87a1ba6dba24873
90,,,041b1555150c797fb7dfd8ac5220f7219c717a0bea4eb76ea87a1ba6dba24874
91,,,041b1555150c797fb7dfd8ac5220f7219c717a0bea4eb76ea87a1ba6dba24875
92,,,041b1555150c797fb7dfd8ac5220f7219c717a0bea4eb76ea87a1ba6dba24876
93,,,041b1555150c797fb7dfd8ac5220f7219c717a0bea4eb76ea87a1ba6dba24877
94,,,041b1555150c797fb7dfd8ac5220f7219c717a0bea4eb76ea87a1ba6dba24878
95,,,041b1555150c797fb7dfd8ac5220f7219c717a0bea4eb76ea87a1ba6dba24879
96,,,041b1555150c797fb7dfd8ac5220f7219c717a0bea4eb76ea87a1ba6dba24880
97,,,041b1555150c797fb7dfd8ac5220f7219c717a0bea4eb76ea87a1ba6dba24881
98,,,041b1555150c797fb7dfd8ac5220f7219c717a0bea4eb76ea87a1ba6dba24882
99,,,041b1555150c797fb7dfd8ac5220f7219c717a0bea4eb76ea87a1ba6dba24883
100,,,041b1555150c797fb7dfd8ac5220f7219c717a0bea4eb76ea87a1ba6dba24884
101,,,041b1555150c797fb7dfd8ac5220f7219c717a0bea4eb76ea87a1ba6dba24885
102,,,041b1555150c797fb7dfd8ac5220f7219c717a0bea4eb76ea87a1ba6dba24886
103,,,041b1555150c797fb7dfd8ac5220f7219c717a0bea4eb76ea87a1ba6dba24887
104,,,041b1555150c797fb7dfd8ac5220f7219c717a0bea4eb76ea87a1ba6dba24888
105,,,041b1555150c797fb7dfd8ac5220f7219c717a0bea4eb76ea87a1ba6dba24889
106,,,041b1555150c797fb7dfd8ac5220f7219c717a0bea4eb76ea87a1ba6dba24890
107,,,041b1555150c797fb7dfd8ac5220f7219c717a0bea4eb76ea87a1ba6dba24891
108,,,041b1555150c797fb7dfd8ac5220f7219c717a0bea4eb76ea87a1ba6dba24892
109,,,041b1555150c797fb7dfd8ac5220f7219c717a0bea4eb76ea87a1ba6dba24893
110,,,041b1555150c797fb7dfd8ac5220f7219c717a0bea4eb76ea87a1ba6dba24894
111,,,041b1555150c797fb7dfd8ac5220f7219c717a0bea4eb76ea87a1ba6dba24895
112,,,041b1555150c797fb7dfd8ac5220f7219c717a0bea4eb76ea87a1ba6dba24896
113,,,041b1555150c797fb7dfd8ac5220f7219c717a0bea4eb76ea87a1ba6dba24897
114,,,041b1555150c797fb7dfd8ac5220f7219c717a0bea4eb76ea87a1ba6dba24898
115,,,041b1555150c797fb7dfd8ac5220f7219c717a0bea4eb76ea87a1ba6dba24899
116,,,041b1555150c797fb7dfd8ac5220f7219c717a0bea4eb76ea87a1ba6dba24900
117,,,041b1555150c797fb7dfd8ac5220f7219c717a0bea4eb76ea87a1ba6dba24901
118,,,041b1555150c797fb7dfd8ac5220f7219c717a0bea4eb76ea87a1ba6dba24902
119,,,041b1555150c797fb7dfd8ac5220f7219c717a0bea4eb76ea87a1ba6dba24903
120,,,041b1555150c797fb7dfd8ac5220f7219c717a0bea4eb76ea87a1ba6dba24904
121,,,041b1555150c797fb7dfd8ac5220f7219c717a0bea4eb76ea87a1ba6dba24905
122,,,041b1555150c797fb7dfd8ac5220f7219c717a0bea4eb76ea87a1ba6dba24906
123,,,041b1555150c797fb7dfd8ac5220f7219c717a0bea4eb76ea87a1ba6dba24907
124,,,041b1555150c797fb7dfd8ac5220f7219c717a0bea4eb76ea87a1ba6dba24908
125,,,041b1555150c797fb7dfd8ac5220f7219c717a0bea4eb76ea87a1ba6dba24909
126,,,041b1555150c797fb7dfd8ac5220f7219c717a0bea4eb76ea87a1ba6dba24910
127,,,041b1555150c797fb7dfd8ac5220f7219c717a0bea4eb76ea87a1ba6dba24911
128,,,041b1555150c797fb7dfd8ac5220f7219c717a0bea4eb76ea87a1ba6dba24912
129,,,041b1555150c797fb7dfd8ac5220f7219c717a0bea4eb76ea87a1ba6dba24913
130,,,041b1555150c797fb7dfd8ac5220f7219c717a0bea4eb76ea87a1ba6dba24914
131,,,041b1555150c797fb7dfd8ac5220f7219c717a0bea4eb76ea87a1ba6dba24915
132,,,041b1555150c797fb7dfd8ac5220f7219c717a0bea4eb76ea87a1ba6dba24916
133,,,041b1555150c797fb7dfd8ac5220f7219c717a0bea4eb76ea87a1ba6dba24917
134,,,041b1555150c797fb7dfd8ac5220f7219c717a0bea4eb76ea87a1ba6dba24918
135,,,041b1555150c797fb7dfd8ac5220f7219c717a0bea4eb76ea87a1ba6dba24919
136,,,041b1555150c797fb7dfd8ac5220f7219c717a0bea4eb76ea87a1ba6dba24920
137,,,041b1555150c797fb7dfd8ac5220f7219c717a0bea4eb76ea87a1ba6dba24921
138,,,041b1555150c797fb7dfd8ac5220f7219c717a0bea4eb76ea87a1ba6dba24922
139,,,041b1555150c797fb7dfd8ac5220f7219c717a0bea4eb76ea87a1ba6dba24923
140,,,041b1555150c797fb7dfd8ac5220f7219c717a0bea4eb76ea87a1ba6dba24924
141,,,041b1555150c797fb7dfd8ac5220f7219c717a0bea4eb76ea87a1ba6dba24925
142,,,041b1555150c797fb7dfd8ac5220f7219c717a0bea4eb76ea87a1ba6dba24926
143,,,041b1555150c797fb7dfd8ac5220f7219c717a0bea4eb76ea87a1ba6dba24927
144,,,041b1555150c797fb7dfd8ac5220f7219c717a0bea4eb76ea87a1ba6dba24928
145,,,041b1555150c797fb7dfd8ac5220f7219c717a0bea4eb76ea87a1ba6dba24929
146,,,041b1555150c797fb7dfd8ac5220f7219c717a0bea4eb76ea87a1ba6dba24930
147,,,041b1555150c797fb7dfd8ac5220f7219c717a0bea4eb76ea87a1ba6dba24931
148,,,041b1555150c797fb7dfd8ac5220f7219c717a0bea4eb76ea87a1ba6dba24932
149,,,041b1555150c797fb7dfd8ac5220f7219c717a0bea4eb76ea87a1ba6dba24933
150,,,041b1555150c797fb7dfd8ac5220f7219c717a0bea4eb76ea87a1ba6dba24934
151,,,041b1555150c797fb7dfd8ac5220f7219c717a0bea4eb76ea87a1ba6dba24935
152,,,041b1555150c797fb7dfd8ac5220f7219c717a0bea4eb76ea87a1ba6dba24936
153,,,041b1555150c797fb7dfd8ac5220f7219c717a0bea4eb76ea87a1ba6dba24937
154,,,041b1555150c797fb7dfd8ac5220f7219c717a0bea4eb76ea87a1ba6dba24938
155,,,041b1555150c797fb7dfd8ac5220f7219c717a0bea4eb76ea87a1ba6dba24939
156,,,041b1555150c797fb7dfd8ac5220f7219c717a0bea4eb76ea87a1ba6dba24940
157,,,041b1555150c797fb7dfd8ac5220f7219c717a0bea4eb76ea87a1ba6dba24941
158,,,041b1555150c797fb7dfd8ac5220f7219c717a0bea4eb76ea87a1ba6dba24942
159,,,041b1555150c797fb7dfd8ac5220f7219c717a0bea4eb76ea87a1ba6dba24943
160,,,041b1555150c797fb7dfd8ac5220f7219c717a0bea4eb76ea87a1ba6dba24944
161,,,041b1555150c797fb7dfd8ac5220f7219c717a0bea4eb76ea87a1ba6dba24945
162,,,041b1555150c797fb7dfd8ac5220f7219c717a0bea4eb76ea87a1ba6dba24946
163,,,041b1555150c797fb7dfd8ac5220f7219c717a0bea4eb76ea87a1ba6dba24947
164,,,041b1555150c797fb7dfd8ac5220f7219c717a0bea4eb76ea87a1ba6dba24948
165,,,041b1555150c797fb7dfd8ac5220f7219c717a0bea4eb76ea87a1ba6dba24949
166,,,041b1555150c797fb7dfd8ac5220f7219c717a0bea4eb76ea87a1ba6dba24950
167,,,041b1555150c797fb7dfd8ac5220f7219c717a0bea4eb76ea87a1ba6dba24951
168,,,041b1555150c797fb7dfd8ac5220f7219c717a0bea4eb76ea87a1ba6dba24952
169,,,041b1555150c797fb7dfd8ac5220f7219c717a0bea4eb76ea87a1ba6dba24953
170,,,041b1555150c797fb7dfd8ac5220f7219c717a0bea4eb76ea87a1ba6dba24954
171,,,041b1555150c797fb7dfd8ac5220f7219c717a0bea4eb76ea87a1ba6dba24955
172,,,041b1555150c797fb7dfd8ac5220f7219c717a0bea4eb76ea87a1ba6dba24956
173,,,041b1555150c797fb7dfd8ac5220f7219c717a0bea4eb76ea87a1ba6dba24957
174,,,041b1555150c797fb7dfd8ac5220f7219c717a0bea4eb76ea87a1ba6dba24958
175,,,041b1555150c797fb7dfd8ac5220f7219c717a0bea4eb76ea87a1ba6dba24959
176,,,041b1555150c797fb7dfd8ac5220f7219c717a0bea4eb76ea87a1ba6dba24960
177,,,041b1555150c797fb7dfd8ac5220f7219c717a0bea4eb76ea87a1ba6dba24961
178,,,041b1555150c797fb7dfd8ac5220f7219c717a0bea4eb76ea87a1ba6dba24962
179,,,041b1555150c797fb7dfd8ac5220f7219c717a0bea4eb76ea87a1ba6dba24963
180,,,041b1555150c797fb7dfd8ac5220f7219c717a0bea4eb76ea87a1ba6dba24964
181,,,041b1555150c797fb7dfd8ac5220f7219c717a0bea4eb76ea87a1ba6dba24965
182,,,041b1555150c797fb7dfd8ac5220f7219c717a0bea4eb76ea87a1ba6dba24966
183,,,041b1555150c797fb7dfd8ac5220f7219c717a0bea4eb76ea87a1ba6dba24967
184,,,041b1555150c797fb7dfd8ac5220f7219c717a0bea4eb76ea87a1ba6dba24968
185,,,041b1555150c797fb7dfd8ac5220f7219c717a0bea4eb76ea87a1ba6dba24969
186,,,041b1555150c797fb7dfd8ac5220f7219c717a0bea4eb76ea87a1ba6dba24970
187,,,041b1555150c797fb7dfd8ac5220f7219c717a0bea4eb76ea87a1ba6dba24971
188,,,041b1555150c797fb7dfd8ac5220f7219c717a0bea4eb76ea87a1ba6dba24972
189,,,041b1555150c797fb7dfd8ac5220f7219c717a0bea4eb76ea87a1ba6dba24973
190,,,041b1555150c797fb7dfd8ac5220f7219c717a0bea4eb76ea87a1ba6dba24974
191,,,041b1555150c797fb7dfd8ac5220f7219c717a0bea4eb76ea87a1ba6dba24975
192,,,041b1555150c797fb7dfd8ac5220f7219c717a0bea4eb76ea87a1ba6dba24976
193,,,041b1555150c797fb7dfd8ac5220f7219c717a0bea4eb76ea87a1ba6dba24977
194,,,041b1555150c797fb7dfd8ac5220f7219c717a0bea4eb76ea87a1ba6dba24978
195,,,041b1555150c797fb7dfd8ac5220f7219c717a0bea4eb76ea87a1ba6dba24979
196,,,041b1555150c797fb7dfd8ac5220f7219c717a0bea4eb76ea87a1ba6dba24980
197,,,041b1555150c797fb7dfd8ac5220f7219c717a0bea4eb76ea87a1ba6dba24981
198,,,041b1555150c797fb7dfd8ac5220f7219c717a0bea4eb76ea87a1ba6dba24982
199,,,041b1555150c797fb7dfd8ac5220f7219c717a0bea4eb76ea87a1ba6dba24983
200,,,041b1555150c797fb7dfd8ac5220f7219c717a0bea4eb76ea87a1ba6dba24984
201,,,041b1555150c797fb7dfd8ac5220f7219c717a0bea4eb76ea87a1ba6dba24985
202,,,041b1555150c797fb7dfd8ac5220f7219c717a0bea4eb76ea87a1ba6dba24986
203,,,041b1555150c797fb7dfd8ac5220f7219c717a0bea4eb76ea87a1ba6dba24987
204,,,041b1555150c797fb7dfd8ac5220f7219c717a0bea4eb76ea87a1ba6dba24988
205,,,041b1555150c797fb7dfd8ac5220f7219c717a0bea4eb76ea87a1ba6dba24989
206,,,041b1555150c797fb7dfd8ac5220f7219c717a0bea4eb76ea87a1ba6dba24990
207,,,041b1555150c797fb7dfd8ac5220f7219c717a0bea4eb76ea87a1ba6dba24991
208,,,041b1555150c797fb7dfd8ac5220f7219c717a0bea4eb76ea87a1ba6dba24992
209,,,041b1555150c797fb7dfd8ac5220f7219c717a0bea4eb76ea87a1ba6dba24993
210,,,041b1555150c797fb7dfd8ac5220f7219c717a0bea4eb76ea87a1ba6dba24994
211,,,041b1555150c797fb7dfd8ac5220f7219c717a0bea4eb76ea87a1ba6dba24995
212,,,041b1555150c797fb7dfd8ac5220f7219c717a0bea4eb76ea87a1ba6dba24996
213,,,041b1555150c797fb7dfd8ac5220f7219c717a0bea4eb76ea87a1ba6dba24997
214,,,041b1555150c797fb7dfd8ac5220f7219c717a0bea4eb76ea87a1ba6dba24998
215,,,041b1555150c797fb7dfd8ac5220f7219c717a0bea4eb76ea87a1ba6dba24999
216,,,041b1555150c797fb7dfd8ac5220f7219c717a0bea4eb76ea87a1ba6dba25000
217,,,041b1555150c797fb7dfd8ac5220f7219c717a0bea4eb76ea87a1ba6dba25001
218,,,041b1555150c797fb7dfd8ac5220f7219c717a0bea4eb76ea87a1ba6dba25002
219,,,041b1555150c797fb7dfd8ac5220f7219c717a0bea4eb76ea87a1ba6dba25003
220,,,041b1555150c797fb7dfd8ac5220f7219c717a0bea4eb76ea87a1ba6dba25004
221,,,041b1555150c797fb7dfd8ac5220f7219c717a0bea4eb76ea87a1ba6dba25005
222,,,041b1555150c797fb7dfd8ac5220f7219c717a0bea4eb76ea87a1ba6dba25006
223,,,041b1555150c797fb7dfd8ac5220f7219c717a0bea4eb76ea87a1ba6dba25007
224,,,041b1555150c797fb7dfd8ac5220f7219c717a0bea4eb76ea87a1ba6dba25008
225,,,041b1555150c797fb7dfd8ac5220f7219c717a0bea4eb76ea87a1ba6dba25009
226,,,041b1555150c797fb7dfd8ac5220f7219c717a0bea4eb76ea87a1ba6dba25010
227,,,041b1555150c797fb7dfd8ac5220f7219c717a0bea4eb76ea87a1ba6dba25011
228,,,041b1555150c797fb7dfd8ac5220f7219c717a0bea4eb76ea87a1ba6dba25012
229,,,041b1555150c797fb7dfd8ac5220f7219c717a0bea4eb76ea87a1ba6dba25013
230,,,041b1555150c797fb7dfd8ac5220f7219c717a0bea4eb76ea87a1ba6dba25014
231,,,041b1555150c797fb7dfd8ac5220f7219c717a0bea4eb76ea87a1ba6dba25015
232,,,041b1555150c797fb7dfd8ac5220f7219c717a0bea4eb76ea87a1ba6dba25016
233,,,041b1555150c797fb7dfd8ac5220f7219c717a0bea4eb76ea87a1ba6dba25017
234,,,041b1555150c797fb7dfd8ac5220f7219c717a0bea4eb76ea87a1ba6dba25018
235,,,041b1555150c797fb7dfd8ac5220f7219c717a0bea4eb76ea87a1ba6dba25019
236,,,041b1555150c797fb7dfd8ac5220f7219c717a0bea4eb76ea87a1ba6dba25020
237,,,041b1555150c797fb7dfd8ac5220f7219c717a0bea4eb76ea87a1ba6dba25021
238,,,041b1555150c797fb7dfd8ac5220f7219c717a0bea4eb76ea87a1ba6dba25022
239,,,041b1555150c797fb7dfd8ac5220f7219c717a0bea4eb76ea87a1ba6dba25023
240,,,041b1555150c797fb7dfd8ac5220f7219c717a0bea4eb76ea87a1ba6dba25024
241,,,041b1555150c797fb7dfd8ac5220f7219c717a0bea4eb76ea87a1ba6dba25025
242,,,041b1555150c797fb7dfd8ac5220f7219c717a0bea4eb76ea87a1ba6dba25026
243,,,041b1555150c797fb7dfd8ac5220f7219c717a0bea4eb76ea87a1ba6dba25027
244,,,041b1555150c797fb7dfd8ac5220f7219c717a0bea4eb76ea87a1ba6dba25028
245,,,041b1555150c797fb7dfd8ac5220f7219c717a0bea4eb76ea87a1ba6dba25029
246,,,041b1555150c797fb7dfd8ac5220f7219c717a0bea4eb76ea87a1ba6dba25030
247,,,041b1555150c797fb7dfd8ac5220f7219c717a0bea4eb76ea87a1ba6dba25031
248,,,041b1555150c797fb7dfd8ac5220f7219c717a0bea4eb76ea87a1ba6dba25032
249,,,041b1555150c797fb7dfd8ac5220f7219c717a0bea4eb76ea87a1ba6dba25033
250,,,041b1555150c797fb7dfd8ac5220f7219c717a0bea4eb76ea87a1ba6dba25034
251,,,041b1555150c797fb7dfd8ac5220f7219c717a0bea4eb76ea87a1ba6dba25035
252,,,041b1555150c797fb7dfd8ac5220f7219c717a0bea4eb76ea87a1ba6dba25036
253,,,041b1555150c797fb7dfd8ac5220f7219c717a0bea4eb76ea87a1ba6dba25037
254,,,041b1555150c797fb7dfd8ac5220f7219c717a0bea4eb76ea87a1ba6dba25038
255,,,041b1555150c797fb7dfd8ac5220f7219c717a0bea4eb76ea87a1ba6dba25039
256,,,041b1555150c797fb7dfd8ac5220f7219c717a0bea4eb76ea87a1ba6dba25040
257,,,041b1555150c797fb7dfd8ac5220f7219c717a0bea4eb76ea87a1ba6dba25041
258,,,041b1555150c797fb7dfd8ac5220f7219c717a0bea4eb76ea87a1ba6dba25042
259,,,041b1555150c797fb7dfd8ac5220f7219c717a0bea4eb76ea87a1ba6dba25043
260,,,041b1555150c797fb7dfd8ac5220f7219c717a0bea4eb76ea87a1ba6dba25044
261,,,041b1555150c797fb7dfd8ac5220f7219c717a0bea4eb76ea87a1ba6dba25045
262,,,041b1555150c797fb7dfd8ac5220f7219c717a0bea4eb76ea87a1ba6dba25046
263,,,041b1555150c797fb7dfd8ac5220f7219c717a0bea4eb76ea87a1ba6dba25047
264,,,041b1555150c797fb7dfd8ac5220f7219c717a0bea4eb76ea87a1ba6dba25048
265,,,041b1555150c797fb7dfd8ac5220f7219c717a0bea4eb76ea87a1ba6dba25049
266,,,041b1555150c797fb7dfd8ac5220f7219c717a0bea4eb76ea87a1ba6dba25050
267,,,041b1555150c797fb7dfd8ac5220f7219c717a0bea4eb76ea87a1ba6dba25051
268,,,041b1555150c797fb7dfd8ac5220f7219c717a0bea4eb76ea87a1ba6dba25052
269,,,041b1555150c797fb7dfd8ac5220f7219c717a0bea4eb76ea87a1ba6dba25053
270,,,041b1555150c797fb7dfd8ac5220f7219c717a0bea4eb76ea87a1ba6dba25054
271,,,041b1555150c797fb7dfd8ac5220f7219c717a0bea4eb76ea87a1ba6dba25055
272,,,041b1555150c797fb7dfd8ac5220f7219c717a0bea4eb76ea87a1ba6dba25056
273,,,041b1555150c797fb7dfd8ac5220f7219c717a0bea4eb76ea87a1ba6dba25057
274,,,041b1555150c797fb7dfd8ac5220f7219c717a0bea4eb76ea87a1ba6dba25058
275,,,041b1555150c797fb7dfd8ac5220f7219c717a0bea4eb76ea87a1ba6dba25059
276,,,041b1555150c797fb7dfd8ac5220f7219c717a0bea4eb76ea87a1ba6dba25060
277,,,041b1555150c797fb7dfd8ac5220f7219c717a0bea4eb76ea87a1ba6dba25061
278,,,041b1555150c797fb7dfd8ac5220f7219c717a0bea4eb76ea87a1ba6dba25062
279,,,041b1555150c797fb7dfd8ac5220f7219c717a0bea4eb76ea87a1ba6dba25063
280,,,041b1555150c797fb7dfd8ac5220f7219c717a0bea4eb76ea87a1ba6dba25064
281,,,041b1555150c797fb7dfd8ac5220f7219c717a0bea4eb76ea87a1ba6dba25065
282,,,041b1555150c797fb7dfd8ac5220f7219c717a0bea4eb76ea87a1ba6dba25066
283,,,041b1555150c797fb7dfd8ac5220f7219c717a0bea4eb76ea87a1ba6dba25067
284,,,041b1555150c797fb7dfd8ac5220f7219c717a0bea4eb76ea87a1ba6dba25068
285,,,041b1555150c797fb7dfd8ac5220f7219c717a0bea4eb76ea87a1ba6dba25069
286,,,041b1555150c797fb7dfd8ac5220f7219c717a0bea4eb76ea87a1ba6dba25070
287,,,041b1555150c797fb7dfd8ac5220f7219c717a0bea4eb76ea87a1ba6dba25071
288,,,041b1555150c797fb7dfd8ac5220f7219c717a0bea4eb76ea87a1ba6dba25072
289,,,041b1555150c797fb7dfd8ac5220f7219c717a0bea4eb76ea87a1ba6dba25073
290,,,041b1555150c797fb7dfd8ac5220f7219c717a0bea4eb76ea87a1ba6dba25074
291,,,041b1555150c797fb7dfd8ac5220f7219c717a0bea4eb76ea87a1ba6dba25075
292,,,041b1555150c797fb7dfd8ac5220f7219c717a0bea4eb76ea87a1ba6dba25076
293,,,041b1555150c797fb7dfd8ac5220f7219c717a0bea4eb76ea87a1ba6dba25077
294,,,041b1555150c797fb7dfd8ac5220f7219c717a0bea4eb76ea87a1ba6dba25078
295,,,041b1555150c797fb7dfd8ac5220f7219c717a0bea4eb76ea87a1ba6dba25079
296,,,041b1555150c797fb7dfd8ac5220f7219c717a0bea4eb76ea87a1ba6dba25080
297,,,041b1555150c797fb7dfd8ac5220f7219c717a0bea4eb76ea87a1ba6dba25081
298,,,041b1555150c797fb7dfd8ac5220f7219c717a0bea4eb76ea87a1ba6dba25082
299,,,041b1555150c797fb7dfd8ac5220f7219c717a0bea4eb76ea87a1ba6dba25083
300,,,041b1555150c797fb7dfd8ac5220f7219c717a0bea4eb76ea87a1ba6dba25084
301,wendy-the-banker,587645e2-5ace-11ed-9b6a-0242ac120002,041b1555150c797fb7dfd8ac5220f7219c717a0bea4eb76ea87a1ba6dba25085
302,uduak-the-dark horse,58764862-5ace-11ed-9b6a-0242ac120002,041b1555150c797fb7dfd8ac5220f7219c717a0bea4eb76ea87a1ba6dba25086
303,timeyin -the -eccentric,58764a2e-5ace-11ed-9b6a-0242ac120002,041b1555150c797fb7dfd8ac5220f7219c717a0bea4eb76ea87a1ba6dba25087
304,omawunmi -the -businesswoman,58764b78-5ace-11ed-9b6a-0242ac120002,041b1555150c797fb7dfd8ac5220f7219c717a0bea4eb76ea87a1ba6dba25088
305,halima -the -housewife,58764d8a-5ace-11ed-9b6a-0242ac120002,041b1555150c797fb7dfd8ac5220f7219c717a0bea4eb76ea87a1ba6dba25089
306,muna -the -block sister,58764ea2-5ace-11ed-9b6a-0242ac120002,041b1555150c797fb7dfd8ac5220f7219c717a0bea4eb76ea87a1ba6dba25090
307,stella -the -gossip,58764fd8-5ace-11ed-9b6a-0242ac120002,041b1555150c797fb7dfd8ac5220f7219c717a0bea4eb76ea87a1ba6dba25091
308,agbani -the -wannabe,5876542e-5ace-11ed-9b6a-0242ac120002,041b1555150c797fb7dfd8ac5220f7219c717a0bea4eb76ea87a1ba6dba25092
309,asante-the -warrior,58765578-5ace-11ed-9b6a-0242ac120002,041b1555150c797fb7dfd8ac5220f7219c717a0bea4eb76ea87a1ba6dba25093
310,hilda -the insomaniac,5876569a-5ace-11ed-9b6a-0242ac120002,041b1555150c797fb7dfd8ac5220f7219c717a0bea4eb76ea87a1ba6dba25094
311,sisi yemi-the -street aunty,587657a8-5ace-11ed-9b6a-0242ac120002,041b1555150c797fb7dfd8ac5220f7219c717a0bea4eb76ea87a1ba6dba25095
312,chiamaka -the -bully,587658ca-5ace-11ed-9b6a-0242ac120002,041b1555150c797fb7dfd8ac5220f7219c717a0bea4eb76ea87a1ba6dba25096
313,gift-the-fashionista,58765adc-5ace-11ed-9b6a-0242ac120002,041b1555150c797fb7dfd8ac5220f7219c717a0bea4eb76ea87a1ba6dba25097
314,omoyene-the-weirdo,58765bea-5ace-11ed-9b6a-0242ac120002,041b1555150c797fb7dfd8ac5220f7219c717a0bea4eb76ea87a1ba6dba25098
315,maria-the -freshface,58765d02-5ace-11ed-9b6a-0242ac120002,041b1555150c797fb7dfd8ac5220f7219c717a0bea4eb76ea87a1ba6dba25099
316,monica-the-smoker,58765e24-5ace-11ed-9b6a-0242ac120002,041b1555150c797fb7dfd8ac5220f7219c717a0bea4eb76ea87a1ba6dba25100
317,,,041b1555150c797fb7dfd8ac5220f7219c717a0bea4eb76ea87a1ba6dba25101
318,,,041b1555150c797fb7dfd8ac5220f7219c717a0bea4eb76ea87a1ba6dba25102
319,,,041b1555150c797fb7dfd8ac5220f7219c717a0bea4eb76ea87a1ba6dba25103
320,,,041b1555150c797fb7dfd8ac5220f7219c717a0bea4eb76ea87a1ba6dba25104
321,,,041b1555150c797fb7dfd8ac5220f7219c717a0bea4eb76ea87a1ba6dba25105
322,,,041b1555150c797fb7dfd8ac5220f7219c717a0bea4eb76ea87a1ba6dba25106
323,,,041b1555150c797fb7dfd8ac5220f7219c717a0bea4eb76ea87a1ba6dba25107
324,,,041b1555150c797fb7dfd8ac5220f7219c717a0bea4eb76ea87a1ba6dba25108
325,,,041b1555150c797fb7dfd8ac5220f7219c717a0bea4eb76ea87a1ba6dba25109
326,,,041b1555150c797fb7dfd8ac5220f7219c717a0bea4eb76ea87a1ba6dba25110
327,,,041b1555150c797fb7dfd8ac5220f7219c717a0bea4eb76ea87a1ba6dba25111
328,,,041b1555150c797fb7dfd8ac5220f7219c717a0bea4eb76ea87a1ba6dba25112
329,,,041b1555150c797fb7dfd8ac5220f7219c717a0bea4eb76ea87a1ba6dba25113
330,,,041b1555150c797fb7dfd8ac5220f7219c717a0bea4eb76ea87a1ba6dba25114
331,,,041b1555150c797fb7dfd8ac5220f7219c717a0bea4eb76ea87a1ba6dba25115
332,,,041b1555150c797fb7dfd8ac5220f7219c717a0bea4eb76ea87a1ba6dba25116
333,,,041b1555150c797fb7dfd8ac5220f7219c717a0bea4eb76ea87a1ba6dba25117
334,,,041b1555150c797fb7dfd8ac5220f7219c717a0bea4eb76ea87a1ba6dba25118
335,,,041b1555150c797fb7dfd8ac5220f7219c717a0bea4eb76ea87a1ba6dba25119
336,,,041b1555150c797fb7dfd8ac5220f7219c717a0bea4eb76ea87a1ba6dba25120
337,,,041b1555150c797fb7dfd8ac5220f7219c717a0bea4eb76ea87a1ba6dba25121
338,,,041b1555150c797fb7dfd8ac5220f7219c717a0bea4eb76ea87a1ba6dba25122
339,,,041b1555150c797fb7dfd8ac5220f7219c717a0bea4eb76ea87a1ba6dba25123
340,,,041b1555150c797fb7dfd8ac5220f7219c717a0bea4eb76ea87a1ba6dba25124
341,mansur-the-partyrider,78db0f29-3936-4d9c-bb90-3dbf20dba2dd,041b1555150c797fb7dfd8ac5220f7219c717a0bea4eb76ea87a1ba6dba25125
342,tola-the-businessman,1c5d5a6b-cf04-4bf9-978e-22a7e9bc5819,041b1555150c797fb7dfd8ac5220f7219c717a0bea4eb76ea87a1ba6dba25126
343,abdullahi-the-honorable,dd708276-445f-4483-8357-fc08e999328f,041b1555150c797fb7dfd8ac5220f7219c717a0bea4eb76ea87a1ba6dba25127
344,ojukwu-the-badguy,76c1eabf-15ea-446a-8426-472982c4d800,041b1555150c797fb7dfd8ac5220f7219c717a0bea4eb76ea87a1ba6dba25128
345,odunsi-the-egbonadugbo,2912ab8b-5875-4277-a5c2-a0209aee90ae,041b1555150c797fb7dfd8ac5220f7219c717a0bea4eb76ea87a1ba6dba25129
346,ogogo-the-sugardaddy,aa575f30-04ad-45f9-a798-199465117793,041b1555150c797fb7dfd8ac5220f7219c717a0bea4eb76ea87a1ba6dba25130
347,suli-the-amalaseller,46fd4821-04dd-4f65-9290-c130a00c4c93,041b1555150c797fb7dfd8ac5220f7219c717a0bea4eb76ea87a1ba6dba25131
348,dolapo-the-afrocentric,cbab232b-5c62-4df8-867b-018a2e496cd4,041b1555150c797fb7dfd8ac5220f7219c717a0bea4eb76ea87a1ba6dba25132
349,danjuma-the-saddist,5a42af57-186e-425b-b6b1-f72bda4911ef,041b1555150c797fb7dfd8ac5220f7219c717a0bea4eb76ea87a1ba6dba25133
350,chinedu-the-farmer,9e8a55d7-0d8d-465d-a628-08ddd387a2c6,041b1555150c797fb7dfd8ac5220f7219c717a0bea4eb76ea87a1ba6dba25134
351,kola-the-baldguy,c32f1757-da9c-49e8-bd79-510a42b6971a,041b1555150c797fb7dfd8ac5220f7219c717a0bea4eb76ea87a1ba6dba25135
352,bola-the-bosslady,09ff910d-a2be-49d5-8b27-b9378458701c,041b1555150c797fb7dfd8ac5220f7219c717a0bea4eb76ea87a1ba6dba25136
353,kunle-the-alienguy,dea2f5d8-e3ba-4d3f-9a17-0a7edfd0c100,041b1555150c797fb7dfd8ac5220f7219c717a0bea4eb76ea87a1ba6dba25137
354,segun-the-sharp,f9159a9c-f48d-4aee-bcc1-63c86209f806,041b1555150c797fb7dfd8ac5220f7219c717a0bea4eb76ea87a1ba6dba25138
355,ola-the-hardguy,a814fc77-bdfa-4e50-8ba8-3e4e4bcfb3c0,041b1555150c797fb7dfd8ac5220f7219c717a0bea4eb76ea87a1ba6dba25139
356,emeka-the-chief,195e89c8-0b6f-43ad-9a2c-d20f03439e96,041b1555150c797fb7dfd8ac5220f7219c717a0bea4eb76ea87a1ba6dba25140
357,ugochukwu-the-celeb,74775cda-cff4-4d21-8819-693127598eca,041b1555150c797fb7dfd8ac5220f7219c717a0bea4eb76ea87a1ba6dba25141
358,adekunle-the-yorubademon,5c98c2d8-3144-4e08-8a0f-9b8d7e4f5aa7,041b1555150c797fb7dfd8ac5220f7219c717a0bea4eb76ea87a1ba6dba25142
359,favour-the-fashionista,19fc15c3-80fe-4d45-a2fe-be8f087d57c4,041b1555150c797fb7dfd8ac5220f7219c717a0bea4eb76ea87a1ba6dba25143
360,jane-the-slayqueen,74775cda-cff4-4d21-8819-693127598eca,041b1555150c797fb7dfd8ac5220f7219c717a0bea4eb76ea87a1ba6dba25144
361,,,041b1555150c797fb7dfd8ac5220f7219c717a0bea4eb76ea87a1ba6dba25145
362,,,041b1555150c797fb7dfd8ac5220f7219c717a0bea4eb76ea87a1ba6dba25146
363,,,041b1555150c797fb7dfd8ac5220f7219c717a0bea4eb76ea87a1ba6dba25147
364,,,041b1555150c797fb7dfd8ac5220f7219c717a0bea4eb76ea87a1ba6dba25148
365,,,041b1555150c797fb7dfd8ac5220f7219c717a0bea4eb76ea87a1ba6dba25149
366,,,041b1555150c797fb7dfd8ac5220f7219c717a0bea4eb76ea87a1ba6dba25150
367,,,041b1555150c797fb7dfd8ac5220f7219c717a0bea4eb76ea87a1ba6dba25151
368,,,041b1555150c797fb7dfd8ac5220f7219c717a0bea4eb76ea87a1ba6dba25152
369,,,041b1555150c797fb7dfd8ac5220f7219c717a0bea4eb76ea87a1ba6dba25153
370,,,041b1555150c797fb7dfd8ac5220f7219c717a0bea4eb76ea87a1ba6dba25154
371,,,041b1555150c797fb7dfd8ac5220f7219c717a0bea4eb76ea87a1ba6dba25155
372,,,041b1555150c797fb7dfd8ac5220f7219c717a0bea4eb76ea87a1ba6dba25156
373,,,041b1555150c797fb7dfd8ac5220f7219c717a0bea4eb76ea87a1ba6dba25157
374,,,041b1555150c797fb7dfd8ac5220f7219c717a0bea4eb76ea87a1ba6dba25158
375,,,041b1555150c797fb7dfd8ac5220f7219c717a0bea4eb76ea87a1ba6dba25159
376,,,041b1555150c797fb7dfd8ac5220f7219c717a0bea4eb76ea87a1ba6dba25160
377,,,041b1555150c797fb7dfd8ac5220f7219c717a0bea4eb76ea87a1ba6dba25161
378,,,041b1555150c797fb7dfd8ac5220f7219c717a0bea4eb76ea87a1ba6dba25162
379,,,041b1555150c797fb7dfd8ac5220f7219c717a0bea4eb76ea87a1ba6dba25163
380,,,041b1555150c797fb7dfd8ac5220f7219c717a0bea4eb76ea87a1ba6dba25164
381,,,041b1555150c797fb7dfd8ac5220f7219c717a0bea4eb76ea87a1ba6dba25165
382,,,041b1555150c797fb7dfd8ac5220f7219c717a0bea4eb76ea87a1ba6dba25166
383,,,041b1555150c797fb7dfd8ac5220f7219c717a0bea4eb76ea87a1ba6dba25167
384,,,041b1555150c797fb7dfd8ac5220f7219c717a0bea4eb76ea87a1ba6dba25168
385,,,041b1555150c797fb7dfd8ac5220f7219c717a0bea4eb76ea87a1ba6dba25169
386,,,041b1555150c797fb7dfd8ac5220f7219c717a0bea4eb76ea87a1ba6dba25170
387,,,041b1555150c797fb7dfd8ac5220f7219c717a0bea4eb76ea87a1ba6dba25171
388,,,041b1555150c797fb7dfd8ac5220f7219c717a0bea4eb76ea87a1ba6dba25172
389,,,041b1555150c797fb7dfd8ac5220f7219c717a0bea4eb76ea87a1ba6dba25173
390,,,041b1555150c797fb7dfd8ac5220f7219c717a0bea4eb76ea87a1ba6dba25174
391,,,041b1555150c797fb7dfd8ac5220f7219c717a0bea4eb76ea87a1ba6dba25175
392,,,041b1555150c797fb7dfd8ac5220f7219c717a0bea4eb76ea87a1ba6dba25176
